{
  "LSTM": {
    "F1 Score": 0.0,
    "ROC AUC": 0.7223531090384376
  },
  "BiLSTM": {
    "F1 Score": 0.8719512195121951,
    "ROC AUC": 0.991941826236286
  },
  "GRU": {
    "F1 Score": 0.0,
    "ROC AUC": 0.723659334928888
  }
}