{
  "Logistic Regression": {
    "Accuracy": 0.9619686800894854,
    "Precision": 0.5679611650485437,
    "Recall": 0.9,
    "F1 Score": 0.6964285714285714,
    "ROC AUC": 0.9886755485893416
  },
  "Naive Bayes": {
    "Accuracy": 0.9384787472035794,
    "Precision": 0.3076923076923077,
    "Recall": 0.2153846153846154,
    "F1 Score": 0.25339366515837103,
    "ROC AUC": 0.7737129250060284
  },
  "Decision Tree": {
    "Accuracy": 0.9656972408650261,
    "Precision": 0.6376811594202898,
    "Recall": 0.676923076923077,
    "F1 Score": 0.6567164179104478,
    "ROC AUC": 0.8286653002170243
  },
  "Random Forest": {
    "Accuracy": 0.9809843400447428,
    "Precision": 0.9876543209876543,
    "Recall": 0.6153846153846154,
    "F1 Score": 0.7582938388625592,
    "ROC AUC": 0.9916882686279238
  },
  "LightGBM": {
    "Accuracy": 0.9899328859060402,
    "Precision": 0.905511811023622,
    "Recall": 0.8846153846153846,
    "F1 Score": 0.8949416342412452,
    "ROC AUC": 0.9941855558234868
  },
  "XGBoost": {
    "Accuracy": 0.9865771812080537,
    "Precision": 0.8983050847457628,
    "Recall": 0.8153846153846154,
    "F1 Score": 0.8548387096774194,
    "ROC AUC": 0.9905413551965276
  }
}